"0","pb2 <- read.fasta(""INFLUENZA_PB2_S1.txt"")"
"0","s1 <- pb2$CY050205.1"
"0","pb1 <- read.fasta(""INFLUENZA_PB1_S2.txt"")"
"0","s2 <- pb1$CY050204.1"
"0","pa <- read.fasta(""INFLUENZA_PA_S3.txt"")"
"0","s3 <- pa$CY050203.1"
"0","ha <- read.fasta(""INFLUENZA_HA_S4.txt"")"
"0","s4 <- ha$CY050198.1"
"0","np <- read.fasta(""INFLUENZA_NP_S5.txt"")"
"0","s5 <- np$CY050201.1"
"0","na <- read.fasta(""INFLUENZA_NA_S6.txt"")"
"0","s6 <- na$CY050200.1"
"0","mp <- read.fasta(""INFLUENZA_MP_S7.txt"")"
"0","s7 <- mp$CY050199.1"
"0","ns <- read.fasta(""INFLUENZA_NS_S8.txt"")"
"0","s8 <- ns$CY050202.1"
"0",""
"0","secu <- c(s1, s2, s3, s4, s5, s6, s7, s8)"
"0","influenzaTable <- table(secu)"
"0",""
"0","print(testPer)"
"1","secu
"
"1","        a "
"1","        c "
"1","        g "
"1","        t "
"1","
"
"1","0.3338855 "
"1","0.1929217 "
"1","0.2422440 "
"1","0.2309488 "
"1","
"
"0","print(""1. ¿Cuál es el tamaño de cada secuencia?"")"
"1","[1]"
"1"," ""1. ¿Cuál es el tamaño de cada secuencia?"""
"1","
"
"0","length(secu)"
"1","[1]"
"1"," 13280"
"1","
"
"0","print(""3. ¿Cuál es el contenido de GC?"")"
"1","[1]"
"1"," ""3. ¿Cuál es el contenido de GC?"""
"1","
"
"0","GC(secu)"
"1","[1]"
"1"," 0.4351657"
"1","
"
"0","print(""2. ¿Cúal es la composición de nucleótidos?"")"
"1","[1]"
"1"," ""2. ¿Cúal es la composición de nucleótidos?"""
"1","
"
"0","print(secu)"
"1","   [1]"
"1"," ""t"""
"1"," ""a"""
"1"," ""t"""
"1"," ""g"""
"1"," ""g"""
"1"," ""a"""
"1"," ""g"""
"1"," ""a"""
"1"," ""g"""
"1"," ""a"""
"1"," ""a"""
"1"," ""t"""
"1"," ""a"""
"1"," ""a"""
"1"," ""a"""
"1"," ""a"""
"1"," ""g"""
"1"," ""a"""
"1"," ""a"""
"1"," ""c"""
"1"," ""t"""
"1"," ""g"""
"1","
"
"1","  [23]"
"1"," ""a"""
"1"," ""g"""
"1"," ""a"""
"1"," ""g"""
"1"," ""a"""
"1"," ""t"""
"1"," ""c"""
"1"," ""t"""
"1"," ""a"""
"1"," ""a"""
"1"," ""t"""
"1"," ""g"""
"1"," ""t"""
"1"," ""c"""
"1"," ""g"""
"1"," ""c"""
"1"," ""a"""
"1"," ""g"""
"1"," ""t"""
"1"," ""c"""
"1"," ""c"""
"1"," ""c"""
"1","
"
"1","  [45]"
"1"," ""g"""
"1"," ""c"""
"1"," ""a"""
"1"," ""c"""
"1"," ""t"""
"1"," ""c"""
"1"," ""g"""
"1"," ""c"""
"1"," ""g"""
"1"," ""a"""
"1"," ""g"""
"1"," ""a"""
"1"," ""t"""
"1"," ""a"""
"1"," ""c"""
"1"," ""t"""
"1"," ""c"""
"1"," ""a"""
"1"," ""c"""
"1"," ""t"""
"1"," ""a"""
"1"," ""a"""
"1","
"
"1","  [67]"
"1"," ""g"""
"1"," ""a"""
"1"," ""c"""
"1"," ""c"""
"1"," ""a"""
"1"," ""c"""
"1"," ""t"""
"1"," ""g"""
"1"," ""t"""
"1"," ""g"""
"1"," ""g"""
"1"," ""a"""
"1"," ""c"""
"1"," ""c"""
"1"," ""a"""
"1"," ""t"""
"1"," ""a"""
"1"," ""t"""
"1"," ""g"""
"1"," ""g"""
"1"," ""c"""
"1"," ""c"""
"1","
"
"1","  [89]"
"1"," ""a"""
"1"," ""t"""
"1"," ""a"""
"1"," ""a"""
"1"," ""t"""
"1"," ""c"""
"1"," ""a"""
"1"," ""a"""
"1"," ""a"""
"1"," ""a"""
"1"," ""a"""
"1"," ""g"""
"1"," ""t"""
"1"," ""a"""
"1"," ""c"""
"1"," ""a"""
"1"," ""c"""
"1"," ""a"""
"1"," ""t"""
"1"," ""c"""
"1"," ""a"""
"1"," ""g"""
"1","
"
"1"," [111]"
"1"," ""g"""
"1"," ""a"""
"1"," ""a"""
"1"," ""g"""
"1"," ""g"""
"1"," ""c"""
"1"," ""a"""
"1"," ""a"""
"1"," ""g"""
"1"," ""a"""
"1"," ""g"""
"1"," ""a"""
"1"," ""a"""
"1"," ""g"""
"1"," ""a"""
"1"," ""a"""
"1"," ""c"""
"1"," ""c"""
"1"," ""c"""
"1"," ""c"""
"1"," ""g"""
"1"," ""c"""
"1","
"
"1"," [133]"
"1"," ""a"""
"1"," ""c"""
"1"," ""t"""
"1"," ""c"""
"1"," ""a"""
"1"," ""g"""
"1"," ""a"""
"1"," ""a"""
"1"," ""t"""
"1"," ""g"""
"1"," ""a"""
"1"," ""a"""
"1"," ""g"""
"1"," ""t"""
"1"," ""g"""
"1"," ""g"""
"1"," ""a"""
"1"," ""t"""
"1"," ""g"""
"1"," ""a"""
"1"," ""t"""
"1"," ""g"""
"1","
"
"1"," [155]"
"1"," ""g"""
"1"," ""c"""
"1"," ""a"""
"1"," ""a"""
"1"," ""t"""
"1"," ""g"""
"1"," ""a"""
"1"," ""g"""
"1"," ""a"""
"1"," ""t"""
"1"," ""a"""
"1"," ""c"""
"1"," ""c"""
"1"," ""c"""
"1"," ""a"""
"1"," ""a"""
"1"," ""t"""
"1"," ""t"""
"1"," ""a"""
"1"," ""c"""
"1"," ""a"""
"1"," ""g"""
"1","
"
"1"," [177]"
"1"," ""c"""
"1"," ""a"""
"1"," ""g"""
"1"," ""a"""
"1"," ""c"""
"1"," ""a"""
"1"," ""a"""
"1"," ""g"""
"1"," ""a"""
"1"," ""g"""
"1"," ""a"""
"1"," ""a"""
"1"," ""t"""
"1"," ""a"""
"1"," ""a"""
"1"," ""t"""
"1"," ""g"""
"1"," ""g"""
"1"," ""a"""
"1"," ""c"""
"1"," ""a"""
"1"," ""t"""
"1","
"
"1"," [199]"
"1"," ""g"""
"1"," ""a"""
"1"," ""t"""
"1"," ""t"""
"1"," ""c"""
"1"," ""c"""
"1"," ""a"""
"1"," ""g"""
"1"," ""a"""
"1"," ""g"""
"1"," ""a"""
"1"," ""g"""
"1"," ""g"""
"1"," ""a"""
"1"," ""a"""
"1"," ""t"""
"1"," ""g"""
"1"," ""a"""
"1"," ""a"""
"1"," ""c"""
"1"," ""a"""
"1"," ""a"""
"1","
"
"1"," [221]"
"1"," ""g"""
"1"," ""g"""
"1"," ""a"""
"1"," ""c"""
"1"," ""a"""
"1"," ""a"""
"1"," ""a"""
"1"," ""c"""
"1"," ""c"""
"1"," ""c"""
"1"," ""t"""
"1"," ""c"""
"1"," ""t"""
"1"," ""g"""
"1"," ""g"""
"1"," ""a"""
"1"," ""g"""
"1"," ""c"""
"1"," ""a"""
"1"," ""a"""
"1"," ""a"""
"1"," ""a"""
"1","
"
"1"," [243]"
"1"," ""c"""
"1"," ""a"""
"1"," ""a"""
"1"," ""a"""
"1"," ""c"""
"1"," ""g"""
"1"," ""a"""
"1"," ""t"""
"1"," ""g"""
"1"," ""c"""
"1"," ""t"""
"1"," ""g"""
"1"," ""g"""
"1"," ""a"""
"1"," ""t"""
"1"," ""c"""
"1"," ""a"""
"1"," ""g"""
"1"," ""a"""
"1"," ""c"""
"1"," ""c"""
"1"," ""g"""
"1","
"
"1"," [265]"
"1"," ""a"""
"1"," ""g"""
"1"," ""t"""
"1"," ""g"""
"1"," ""a"""
"1"," ""t"""
"1"," ""g"""
"1"," ""g"""
"1"," ""t"""
"1"," ""a"""
"1"," ""t"""
"1"," ""c"""
"1"," ""a"""
"1"," ""c"""
"1"," ""c"""
"1"," ""t"""
"1"," ""c"""
"1"," ""t"""
"1"," ""g"""
"1"," ""g"""
"1"," ""c"""
"1"," ""c"""
"1","
"
"1"," [287]"
"1"," ""g"""
"1"," ""t"""
"1"," ""a"""
"1"," ""a"""
"1"," ""c"""
"1"," ""a"""
"1"," ""t"""
"1"," ""g"""
"1"," ""g"""
"1"," ""t"""
"1"," ""g"""
"1"," ""g"""
"1"," ""a"""
"1"," ""a"""
"1"," ""t"""
"1"," ""a"""
"1"," ""g"""
"1"," ""g"""
"1"," ""a"""
"1"," ""a"""
"1"," ""t"""
"1"," ""g"""
"1","
"
"1"," [309]"
"1"," ""g"""
"1"," ""c"""
"1"," ""c"""
"1"," ""c"""
"1"," ""a"""
"1"," ""a"""
"1"," ""c"""
"1"," ""a"""
"1"," ""a"""
"1"," ""c"""
"1"," ""a"""
"1"," ""a"""
"1"," ""g"""
"1"," ""t"""
"1"," ""a"""
"1"," ""c"""
"1"," ""a"""
"1"," ""g"""
"1"," ""t"""
"1"," ""t"""
"1"," ""c"""
"1"," ""a"""
"1","
"
"1"," [331]"
"1"," ""t"""
"1"," ""t"""
"1"," ""a"""
"1"," ""c"""
"1"," ""c"""
"1"," ""c"""
"1"," ""t"""
"1"," ""a"""
"1"," ""a"""
"1"," ""g"""
"1"," ""g"""
"1"," ""t"""
"1"," ""a"""
"1"," ""t"""
"1"," ""a"""
"1"," ""t"""
"1"," ""a"""
"1"," ""a"""
"1"," ""a"""
"1"," ""a"""
"1"," ""c"""
"1"," ""t"""
"1","
"
"1"," [353]"
"1"," ""t"""
"1"," ""a"""
"1"," ""t"""
"1"," ""t"""
"1"," ""t"""
"1"," ""c"""
"1"," ""g"""
"1"," ""a"""
"1"," ""a"""
"1"," ""a"""
"1"," ""a"""
"1"," ""g"""
"1"," ""g"""
"1"," ""t"""
"1"," ""c"""
"1"," ""g"""
"1"," ""a"""
"1"," ""a"""
"1"," ""a"""
"1"," ""g"""
"1"," ""g"""
"1"," ""t"""
"1","
"
"1"," [375]"
"1"," ""t"""
"1"," ""g"""
"1"," ""a"""
"1"," ""a"""
"1"," ""a"""
"1"," ""c"""
"1"," ""a"""
"1"," ""t"""
"1"," ""g"""
"1"," ""g"""
"1"," ""t"""
"1"," ""a"""
"1"," ""c"""
"1"," ""c"""
"1"," ""t"""
"1"," ""t"""
"1"," ""c"""
"1"," ""g"""
"1"," ""g"""
"1"," ""c"""
"1"," ""c"""
"1"," ""c"""
"1","
"
"1"," [397]"
"1"," ""t"""
"1"," ""g"""
"1"," ""t"""
"1"," ""c"""
"1"," ""c"""
"1"," ""a"""
"1"," ""c"""
"1"," ""t"""
"1"," ""t"""
"1"," ""c"""
"1"," ""a"""
"1"," ""g"""
"1"," ""a"""
"1"," ""a"""
"1"," ""a"""
"1"," ""t"""
"1"," ""c"""
"1"," ""a"""
"1"," ""a"""
"1"," ""g"""
"1"," ""t"""
"1"," ""t"""
"1","
"
"1"," [419]"
"1"," ""a"""
"1"," ""a"""
"1"," ""a"""
"1"," ""a"""
"1"," ""t"""
"1"," ""a"""
"1"," ""a"""
"1"," ""g"""
"1"," ""g"""
"1"," ""a"""
"1"," ""g"""
"1"," ""g"""
"1"," ""a"""
"1"," ""g"""
"1"," ""a"""
"1"," ""g"""
"1"," ""t"""
"1"," ""t"""
"1"," ""g"""
"1"," ""a"""
"1"," ""t"""
"1"," ""a"""
"1","
"
"1"," [441]"
"1"," ""c"""
"1"," ""a"""
"1"," ""a"""
"1"," ""a"""
"1"," ""c"""
"1"," ""c"""
"1"," ""c"""
"1"," ""t"""
"1"," ""g"""
"1"," ""g"""
"1"," ""c"""
"1"," ""c"""
"1"," ""a"""
"1"," ""t"""
"1"," ""g"""
"1"," ""c"""
"1"," ""a"""
"1"," ""g"""
"1"," ""a"""
"1"," ""t"""
"1"," ""c"""
"1"," ""t"""
"1","
"
"1"," [463]"
"1"," ""c"""
"1"," ""a"""
"1"," ""g"""
"1"," ""t"""
"1"," ""g"""
"1"," ""c"""
"1"," ""c"""
"1"," ""a"""
"1"," ""a"""
"1"," ""g"""
"1"," ""g"""
"1"," ""a"""
"1"," ""g"""
"1"," ""g"""
"1"," ""c"""
"1"," ""a"""
"1"," ""c"""
"1"," ""a"""
"1"," ""g"""
"1"," ""g"""
"1"," ""a"""
"1"," ""t"""
"1","
"
"1"," [485]"
"1"," ""g"""
"1"," ""t"""
"1"," ""g"""
"1"," ""a"""
"1"," ""t"""
"1"," ""t"""
"1"," ""a"""
"1"," ""t"""
"1"," ""g"""
"1"," ""g"""
"1"," ""a"""
"1"," ""a"""
"1"," ""g"""
"1"," ""t"""
"1"," ""t"""
"1"," ""g"""
"1"," ""t"""
"1"," ""t"""
"1"," ""t"""
"1"," ""t"""
"1"," ""c"""
"1"," ""c"""
"1","
"
"1"," [507]"
"1"," ""c"""
"1"," ""a"""
"1"," ""a"""
"1"," ""a"""
"1"," ""t"""
"1"," ""g"""
"1"," ""a"""
"1"," ""a"""
"1"," ""g"""
"1"," ""t"""
"1"," ""g"""
"1"," ""g"""
"1"," ""g"""
"1"," ""g"""
"1"," ""g"""
"1"," ""c"""
"1"," ""a"""
"1"," ""a"""
"1"," ""g"""
"1"," ""a"""
"1"," ""a"""
"1"," ""t"""
"1","
"
"1"," [529]"
"1"," ""a"""
"1"," ""c"""
"1"," ""t"""
"1"," ""g"""
"1"," ""a"""
"1"," ""c"""
"1"," ""a"""
"1"," ""t"""
"1"," ""c"""
"1"," ""a"""
"1"," ""g"""
"1"," ""a"""
"1"," ""g"""
"1"," ""t"""
"1"," ""c"""
"1"," ""a"""
"1"," ""c"""
"1"," ""a"""
"1"," ""g"""
"1"," ""c"""
"1"," ""t"""
"1"," ""g"""
"1","
"
"1"," [551]"
"1"," ""g"""
"1"," ""c"""
"1"," ""a"""
"1"," ""a"""
"1"," ""t"""
"1"," ""a"""
"1"," ""a"""
"1"," ""c"""
"1"," ""a"""
"1"," ""a"""
"1"," ""a"""
"1"," ""a"""
"1"," ""g"""
"1"," ""a"""
"1"," ""g"""
"1"," ""a"""
"1"," ""a"""
"1"," ""g"""
"1"," ""a"""
"1"," ""a"""
"1"," ""a"""
"1"," ""g"""
"1","
"
"1"," [573]"
"1"," ""a"""
"1"," ""a"""
"1"," ""g"""
"1"," ""a"""
"1"," ""g"""
"1"," ""c"""
"1"," ""t"""
"1"," ""c"""
"1"," ""c"""
"1"," ""a"""
"1"," ""g"""
"1"," ""g"""
"1"," ""a"""
"1"," ""t"""
"1"," ""t"""
"1"," ""g"""
"1"," ""t"""
"1"," ""a"""
"1"," ""a"""
"1"," ""a"""
"1"," ""a"""
"1"," ""t"""
"1","
"
"1"," [595]"
"1"," ""t"""
"1"," ""g"""
"1"," ""c"""
"1"," ""t"""
"1"," ""c"""
"1"," ""c"""
"1"," ""c"""
"1"," ""t"""
"1"," ""t"""
"1"," ""g"""
"1"," ""a"""
"1"," ""t"""
"1"," ""g"""
"1"," ""g"""
"1"," ""t"""
"1"," ""g"""
"1"," ""g"""
"1"," ""c"""
"1"," ""g"""
"1"," ""t"""
"1"," ""a"""
"1"," ""c"""
"1","
"
"1"," [617]"
"1"," ""a"""
"1"," ""t"""
"1"," ""g"""
"1"," ""c"""
"1"," ""t"""
"1"," ""a"""
"1"," ""g"""
"1"," ""a"""
"1"," ""a"""
"1"," ""a"""
"1"," ""g"""
"1"," ""a"""
"1"," ""g"""
"1"," ""a"""
"1"," ""a"""
"1"," ""t"""
"1"," ""t"""
"1"," ""g"""
"1"," ""g"""
"1"," ""t"""
"1"," ""c"""
"1"," ""c"""
"1","
"
"1"," [639]"
"1"," ""g"""
"1"," ""t"""
"1"," ""a"""
"1"," ""a"""
"1"," ""a"""
"1"," ""a"""
"1"," ""c"""
"1"," ""a"""
"1"," ""a"""
"1"," ""g"""
"1"," ""g"""
"1"," ""t"""
"1"," ""t"""
"1"," ""t"""
"1"," ""c"""
"1"," ""t"""
"1"," ""c"""
"1"," ""c"""
"1"," ""c"""
"1"," ""a"""
"1"," ""g"""
"1"," ""t"""
"1","
"
"1"," [661]"
"1"," ""a"""
"1"," ""g"""
"1"," ""c"""
"1"," ""c"""
"1"," ""g"""
"1"," ""g"""
"1"," ""c"""
"1"," ""g"""
"1"," ""g"""
"1"," ""a"""
"1"," ""a"""
"1"," ""c"""
"1"," ""a"""
"1"," ""g"""
"1"," ""g"""
"1"," ""c"""
"1"," ""a"""
"1"," ""g"""
"1"," ""t"""
"1"," ""g"""
"1"," ""t"""
"1"," ""t"""
"1","
"
"1"," [683]"
"1"," ""t"""
"1"," ""a"""
"1"," ""t"""
"1"," ""a"""
"1"," ""t"""
"1"," ""t"""
"1"," ""g"""
"1"," ""a"""
"1"," ""a"""
"1"," ""g"""
"1"," ""t"""
"1"," ""g"""
"1"," ""t"""
"1"," ""t"""
"1"," ""g"""
"1"," ""c"""
"1"," ""a"""
"1"," ""c"""
"1"," ""t"""
"1"," ""t"""
"1"," ""a"""
"1"," ""a"""
"1","
"
"1"," [705]"
"1"," ""c"""
"1"," ""c"""
"1"," ""c"""
"1"," ""a"""
"1"," ""a"""
"1"," ""g"""
"1"," ""g"""
"1"," ""g"""
"1"," ""a"""
"1"," ""c"""
"1"," ""g"""
"1"," ""t"""
"1"," ""g"""
"1"," ""c"""
"1"," ""t"""
"1"," ""g"""
"1"," ""g"""
"1"," ""g"""
"1"," ""a"""
"1"," ""g"""
"1"," ""c"""
"1"," ""a"""
"1","
"
"1"," [727]"
"1"," ""g"""
"1"," ""a"""
"1"," ""t"""
"1"," ""g"""
"1"," ""t"""
"1"," ""a"""
"1"," ""c"""
"1"," ""a"""
"1"," ""c"""
"1"," ""t"""
"1"," ""c"""
"1"," ""c"""
"1"," ""a"""
"1"," ""g"""
"1"," ""g"""
"1"," ""a"""
"1"," ""g"""
"1"," ""g"""
"1"," ""a"""
"1"," ""g"""
"1"," ""a"""
"1"," ""a"""
"1","
"
"1"," [749]"
"1"," ""g"""
"1"," ""t"""
"1"," ""g"""
"1"," ""a"""
"1"," ""g"""
"1"," ""a"""
"1"," ""a"""
"1"," ""a"""
"1"," ""t"""
"1"," ""g"""
"1"," ""a"""
"1"," ""t"""
"1"," ""g"""
"1"," ""a"""
"1"," ""t"""
"1"," ""g"""
"1"," ""t"""
"1"," ""t"""
"1"," ""g"""
"1"," ""a"""
"1"," ""c"""
"1"," ""c"""
"1","
"
"1"," [771]"
"1"," ""a"""
"1"," ""a"""
"1"," ""a"""
"1"," ""g"""
"1"," ""t"""
"1"," ""t"""
"1"," ""t"""
"1"," ""g"""
"1"," ""a"""
"1"," ""t"""
"1"," ""t"""
"1"," ""a"""
"1"," ""t"""
"1"," ""c"""
"1"," ""g"""
"1"," ""c"""
"1"," ""t"""
"1"," ""g"""
"1"," ""c"""
"1"," ""t"""
"1"," ""a"""
"1"," ""g"""
"1","
"
"1"," [793]"
"1"," ""a"""
"1"," ""a"""
"1"," ""a"""
"1"," ""c"""
"1"," ""a"""
"1"," ""t"""
"1"," ""a"""
"1"," ""g"""
"1"," ""t"""
"1"," ""a"""
"1"," ""a"""
"1"," ""g"""
"1"," ""a"""
"1"," ""a"""
"1"," ""g"""
"1"," ""a"""
"1"," ""g"""
"1"," ""c"""
"1"," ""a"""
"1"," ""g"""
"1"," ""c"""
"1"," ""a"""
"1","
"
"1"," [815]"
"1"," ""g"""
"1"," ""t"""
"1"," ""g"""
"1"," ""t"""
"1"," ""c"""
"1"," ""a"""
"1"," ""g"""
"1"," ""c"""
"1"," ""a"""
"1"," ""g"""
"1"," ""a"""
"1"," ""c"""
"1"," ""c"""
"1"," ""c"""
"1"," ""a"""
"1"," ""t"""
"1"," ""t"""
"1"," ""a"""
"1"," ""g"""
"1"," ""c"""
"1"," ""a"""
"1"," ""t"""
"1","
"
"1"," [837]"
"1"," ""c"""
"1"," ""t"""
"1"," ""c"""
"1"," ""t"""
"1"," ""c"""
"1"," ""t"""
"1"," ""t"""
"1"," ""g"""
"1"," ""g"""
"1"," ""a"""
"1"," ""a"""
"1"," ""a"""
"1"," ""t"""
"1"," ""g"""
"1"," ""t"""
"1"," ""g"""
"1"," ""c"""
"1"," ""c"""
"1"," ""a"""
"1"," ""c"""
"1"," ""a"""
"1"," ""g"""
"1","
"
"1"," [859]"
"1"," ""c"""
"1"," ""a"""
"1"," ""c"""
"1"," ""a"""
"1"," ""c"""
"1"," ""a"""
"1"," ""g"""
"1"," ""a"""
"1"," ""t"""
"1"," ""t"""
"1"," ""g"""
"1"," ""g"""
"1"," ""a"""
"1"," ""g"""
"1"," ""g"""
"1"," ""a"""
"1"," ""g"""
"1"," ""t"""
"1"," ""a"""
"1"," ""a"""
"1"," ""g"""
"1"," ""g"""
"1","
"
"1"," [881]"
"1"," ""a"""
"1"," ""t"""
"1"," ""g"""
"1"," ""g"""
"1"," ""t"""
"1"," ""g"""
"1"," ""g"""
"1"," ""a"""
"1"," ""c"""
"1"," ""a"""
"1"," ""t"""
"1"," ""c"""
"1"," ""c"""
"1"," ""t"""
"1"," ""t"""
"1"," ""a"""
"1"," ""g"""
"1"," ""a"""
"1"," ""c"""
"1"," ""a"""
"1"," ""g"""
"1"," ""a"""
"1","
"
"1"," [903]"
"1"," ""a"""
"1"," ""t"""
"1"," ""c"""
"1"," ""c"""
"1"," ""a"""
"1"," ""a"""
"1"," ""c"""
"1"," ""t"""
"1"," ""g"""
"1"," ""a"""
"1"," ""g"""
"1"," ""g"""
"1"," ""a"""
"1"," ""a"""
"1"," ""c"""
"1"," ""a"""
"1"," ""a"""
"1"," ""g"""
"1"," ""c"""
"1"," ""c"""
"1"," ""g"""
"1"," ""t"""
"1","
"
"1"," [925]"
"1"," ""a"""
"1"," ""g"""
"1"," ""a"""
"1"," ""c"""
"1"," ""a"""
"1"," ""t"""
"1"," ""a"""
"1"," ""t"""
"1"," ""g"""
"1"," ""c"""
"1"," ""a"""
"1"," ""a"""
"1"," ""g"""
"1"," ""g"""
"1"," ""c"""
"1"," ""a"""
"1"," ""g"""
"1"," ""c"""
"1"," ""a"""
"1"," ""a"""
"1"," ""t"""
"1"," ""a"""
"1","
"
"1"," [947]"
"1"," ""g"""
"1"," ""g"""
"1"," ""g"""
"1"," ""t"""
"1"," ""t"""
"1"," ""g"""
"1"," ""a"""
"1"," ""g"""
"1"," ""g"""
"1"," ""a"""
"1"," ""t"""
"1"," ""t"""
"1"," ""a"""
"1"," ""g"""
"1"," ""c"""
"1"," ""t"""
"1"," ""c"""
"1"," ""a"""
"1"," ""t"""
"1"," ""c"""
"1"," ""t"""
"1"," ""t"""
"1","
"
"1"," [969]"
"1"," ""t"""
"1"," ""c"""
"1"," ""a"""
"1"," ""g"""
"1"," ""t"""
"1"," ""t"""
"1"," ""t"""
"1"," ""t"""
"1"," ""g"""
"1"," ""g"""
"1"," ""t"""
"1"," ""g"""
"1"," ""g"""
"1"," ""g"""
"1"," ""t"""
"1"," ""t"""
"1"," ""c"""
"1"," ""a"""
"1"," ""c"""
"1"," ""t"""
"1"," ""t"""
"1"," ""t"""
"1","
"
"1"," [991]"
"1"," ""c"""
"1"," ""a"""
"1"," ""a"""
"1"," ""a"""
"1"," ""a"""
"1"," ""g"""
"1"," ""g"""
"1"," ""a"""
"1"," ""c"""
"1"," ""a"""
"1","
"
"1"," [ reached getOption(""max.print"") -- omitted 12280 entries ]
"
"0","per <- prop.table(influenzaTable)"
"0",""
"0","kable(influenzaTable, caption=""Composición de Nucleótidos (Frecuencia)"", col.names = c(""Base"", ""Frecuencia""), label = ""Tabla Composición"", format=""html"", padding=2)"
